33,proactive decision making,social-media-posting,"以 alice 身份登录社交媒体平台，发布公开消息""Hello from the test!""，并验证消息出现在公开动态中。",E,基于 social mock 环境构建的单步简短社交媒体任务；评价 agent 完成认证、创建内容与验证发布的能力。,Social Media,Social Media,0,0,0,0,implemented
34,proactive decision making,social-unlike-post,以 alice 身份登录社交媒体平台，找到她之前点赞的帖子，通过 POST /api/posts/:id/like 取消点赞，并验证 liked=false 且 like_count 减少 1。,E,基于 social mock 环境构建；评价 agent 完成认证、发现已点赞帖子与切换点赞状态的能力。,Social Media,Social Media,0,0,0,0,implemented
35,proactive decision making,expense-draft-delete,以 alice 身份登录费用管理平台，找到她的一份草稿费用，通过 DELETE /api/drafts/:id 删除，并验证草稿已消失且数量减少 1。,E,基于 expense mock 环境构建；评价 agent 完成认证、列出草稿与删除特定草稿的能力。,Finance & Data Analytics,Finance & Data Analytics,0,0,0,0,implemented
39,proactive decision making,finance-portfolio-rebalancing,登录财务系统，审查投资组合持仓，并按目标配置重新平衡（股票45%、固定收益30%、现金15%、另类投资10%）。,H,基于 finance mock 环境构建；评价 agent 进行算术推理、计算目标配置并执行多个依赖 API 订单的能力。,Finance & Data Analytics,Finance & Data Analytics,0,0,0,0,implemented
40,proactive decision making,finance-monthly-close,登录财务系统并完成月末结账：标记差异较大的账户、标记高金额待处理交易、创建并提交费用报销单，以及创建发票。,M,基于 finance mock 环境构建；评价 agent 在多个财务功能之间切换上下文并完成多步骤工作流的能力。,Finance & Data Analytics,Finance & Data Analytics,0,0,0,0,implemented
36,proactive decision making,insurance-deductible-selection,"帮助用户在保险公司门户网站上切换到""Balanced Silver""健康保险计划。",E,基于 insurance mock 环境构造单环境任务；评价 agent 完成认证、导航计划选择并执行选择的能力。,E-commerce & Daily Svcs,E-commerce & Daily Svcs,0,0,0,0,implemented
37,cross environment composition,health-insurance-optimization,帮助用户管理健康保险并安排医疗预约，需要在保险门户和日历之间协调。,M,构建 insurance mock 与 calendar mock 的多环境组合任务；评价 agent 提交理赔、预约医疗服务并将预约同步到日历的跨环境执行能力。,E-commerce & Daily Svcs,E-commerce & Daily Svcs ; Calendar & Task Mgmt,1,0,0,0,implemented
38,proactive decision making,health-daily-record,在健康管理应用中添加过敏原和用药记录，查询健康指标并将结果写入文件,E,单环境健康应用任务；评价agent与基于Web的健康管理UI交互、创建结构化记录并提取指标数据的能力,Health & Wellness,Health & Wellness,0,0,0,0,implemented
41,proactive decision making,nutrition-log-meal,在 Mint Diet 中把牛奶和鸡肉沙拉记录到今天的午餐日志,E,基于 mint-diet mock 环境构造单环境营养记录任务；评价 agent 搜索食物目录并创建结构化餐食记录的能力。,Health & Wellness,Health & Wellness,0,0,0,0,implemented
42,proactive decision making,mint-diet-comprehensive,在 Mint Diet 中记录一整天餐食、创建 clean eating 周餐食计划并添加计划条目,E,基于 mint-diet mock 环境构造多步骤单环境营养规划任务；评价 agent 在每日日志和周计划中进行精确记录与状态更新的能力。,Health & Wellness,Health & Wellness,0,0,0,0,implemented
43,proactive decision making,smarthome-test,检查智能家居状态，识别库存中即将过期的物品，并将它们添加到购物清单,M,单环境智能家居任务；评价agent导航智能家居仪表板、检查库存过期日期并更新购物清单的能力,E-commerce & Daily Svcs,E-commerce & Daily Svcs ; Calendar & Task Mgmt,0,0,1,0,implemented
44,cross environment composition,grocery-reorder,检查冰箱和食品柜的库存，确定需要的数量，并在商店下单,M,"跨环境任务，结合 smarthome mock 和 shop mock；评价 agent 检查库存、进行单位换算计算所需数量并下单的能力",E-commerce & Daily Svcs,E-commerce & Daily Svcs ; Smart Home,1,0,1,0,implemented
45,reflective diagnosis,morning-comfort-setup,"诊断智能家居环境问题（湿度传感器故障导致恒温器损坏），调整咖啡机时间以适应7点出门，并将所需咖啡豆添加到购物清单",M,"单环境智能家居任务，包含A2污染状态（湿度=999%导致恒温器mode=off和temperature=95）和B1隐式目标（从brew duration推断咖啡时间，将Kenya AA与咖啡机页面交叉引用）；评价agent诊断因果关系、修复多个损坏字段以及执行库存交叉引用推理的能力",Health & Fitness,Health & Fitness ; E-commerce & Daily Svcs,0,1,1,0,implemented
110,multi-step data retrieval,weather-city-travel-pick,查询本地天气服务中五个城市的天气和AQI数据，在满足AQI≤50且今日最高气温15–26°C范围的城市中选择AQI最低的城市作为出行推荐目的地。,M,评估agent跨多端点获取五城市天气与AQI数据，运用明确的温度和AQI阈值，输出符合条件的最优城市的能力。,Health & Wellness,Health & Wellness,0,0,0,0,implemented
111,proactive decision making,weather-outdoor-window,查询上海今日逐小时天气预报，在降水量为0.0（无雨）的小时中找出最长连续时间段并保存为结构化JSON。,H,评估agent解析逐小时天气预报HTML并运用明确的零降水筛选条件识别最长户外锻炼时间窗口的能力。,Health & Wellness,Health & Wellness,0,0,0,0,implemented
112,cross environment composition,pre-meeting-research-brief,查看待办事项日历获取本周五合作洽谈会议详情，通过本地 corpus 资料研究对方公司背景，并汇编结构化会前简报,M,评价 agent 从日历服务获取会议背景并将多源研究综合成有据可查的简报文档的能力——需隐式推断应重点准备的问题、风险与机会,Deep Research & Report,Deep Research & Report ; Calendar & Task Mgmt,0,0,1,1,implemented
113,cross environment composition,vendor-due-diligence-brief,读取供应商介绍邮件识别供应商身份，审阅 corpus/ 中的尽职调查材料，编写涵盖供应商背景、适配性评估、至少3条有据可查的风险项及建议的结构化简报,M,评价 agent 从邮件提取供应商背景、将多源 corpus 证据综合为有依据的尽职调查发现并给出可操作建议的能力——需隐式判断哪些风险属于高优先级,Deep Research & Report,Deep Research & Report ; Communication & Email,1,0,1,0,implemented
114,incremental update,grant-application-evidence-brief,"审阅语料库材料（包含过时草稿），纠正过时声明，生成更新后的研究证据简报 result.json",M,"评价agent检测并纠正现有草稿中过时声明（A2）、基于最新语料库证据增量更新结构化知识产物（B2）的能力",Deep Research & Report,Deep Research & Report ; Documents & Knowledge,0,1,0,1,implemented
115,cross environment composition,analyst-call-qna-pack,"查看日历找到周四的分析师电话会议，将股票代码别名解析为完整公司名，找到对应的语料库材料，将过时的Q2草稿更新为最终Q3问答包",H,"评价agent跨日历服务和文件语料库协调（A1）、用最新Q3材料纠正过时Q2草稿内容（A2）、生成更新结构化知识产物（B2）的能力",Deep Research & Report,Deep Research & Report ; Calendar & Task Mgmt ; Documents & Knowledge,1,1,0,1,implemented
